Predictor,Slope,Intercept,R-squared,P-value,Standard Error
temp,79.55857705279645,-540.6615283283343,0.2343703981269375,6.910782564236613e-86,3.782779812802218
