Predictor,Slope,Intercept,R-squared,P-value,Standard Error
humidity,-20.93049964369547,2426.1774163260466,0.297143272634756,8.830968613403394e-113,0.8468297836900106
