Predictor,Slope,Intercept,R-squared,P-value,Standard Error
rainfall_log,-671.1570568428115,1168.0066510232577,0.10346472936560522,3.4826019199013495e-36,51.97299739357273
